<addon id="plugin.video.voyo.ro" name="VOYO" provider-name="derzis" version="0.0.1">
    <requires>
        <import addon="xbmc.python" version="3.0.0" />
        <import addon="script.module.requests" version="2.22.0" />
        <import addon="script.module.beautifulsoup4" version="4.6.2" />
        <import addon="script.module.routing" version="0.2.3" />
        <import addon="script.module.inputstreamhelper" version="0.3.3" />
    </requires>
    <extension point="xbmc.python.pluginsource" library="main.py">
        <provides>video</provides>
    </extension>
    <extension point="xbmc.addon.metadata">
        <summary lang="en_GB">VOYO</summary>
        <summary lang="cs_CZ">VOYO</summary>
        <description lang="en_GB">Watch movies, series, shows and TV stations on VOYO.ro.</description>
        <description lang="ro_RO">Urmăriţi filme, seriale, emisiuni şi posturi tv de pe VOYO.ro.</description>
        <platform>all</platform>
        <source>https://github.com/xbmc-kodi-cz/plugin.video.voyo.cz</source>
        <news>Addon compatibil cu Kodi 19</news>
        <assets>
            <icon>resources/icon.png</icon>
        </assets>
    </extension>
</addon>
